kernel,workload_key,shapes,dtypes,arm,rep,ok,status,perf_ms,num_configs_tested,autotune_time_s,end_to_end_s,num_generations,num_compile_failures,num_accuracy_failures,tier
attention,1662e26d70f96a9d85e35e743c821013cf6c46c5305a661eea43ddd70a5b0095,"((4, 48, 128, 128), (4, 48, 128, 128), (4, 48, 128, 128))","('torch.bfloat16', 'torch.bfloat16', 'torch.bfloat16')",lfbo,0,True,ok,0.017084939848081987,724,1165.0977229382843,1169.130659295246,18,50,0,
attention,1662e26d70f96a9d85e35e743c821013cf6c46c5305a661eea43ddd70a5b0095,"((4, 48, 128, 128), (4, 48, 128, 128), (4, 48, 128, 128))","('torch.bfloat16', 'torch.bfloat16', 'torch.bfloat16')",lfbo,1,True,ok,0.020169680685076227,779,1001.7048154426739,1004.9752351818606,20,31,0,
attention,1662e26d70f96a9d85e35e743c821013cf6c46c5305a661eea43ddd70a5b0095,"((4, 48, 128, 128), (4, 48, 128, 128), (4, 48, 128, 128))","('torch.bfloat16', 'torch.bfloat16', 'torch.bfloat16')",lfbo,2,True,ok,0.018402697499995388,834,1107.1121668955311,1111.5688538495451,20,37,0,
attention,1662e26d70f96a9d85e35e743c821013cf6c46c5305a661eea43ddd70a5b0095,"((4, 48, 128, 128), (4, 48, 128, 128), (4, 48, 128, 128))","('torch.bfloat16', 'torch.bfloat16', 'torch.bfloat16')",rag_lfbo,0,True,ok,0.018088918041865357,446,624.5692148730159,638.0079503003508,8,29,0,1
attention,1662e26d70f96a9d85e35e743c821013cf6c46c5305a661eea43ddd70a5b0095,"((4, 48, 128, 128), (4, 48, 128, 128), (4, 48, 128, 128))","('torch.bfloat16', 'torch.bfloat16', 'torch.bfloat16')",rag_lfbo,1,True,ok,0.02028352266435597,438,1078.0366442827508,1089.34618343506,13,32,1,1
attention,1662e26d70f96a9d85e35e743c821013cf6c46c5305a661eea43ddd70a5b0095,"((4, 48, 128, 128), (4, 48, 128, 128), (4, 48, 128, 128))","('torch.bfloat16', 'torch.bfloat16', 'torch.bfloat16')",rag_lfbo,2,True,ok,0.01578653613929035,360,474.67088176775724,486.27774790953845,8,35,1,1
attention,d87d3425edbab54cbe4cce09e5e713cf65a61a5c4567191aa43f7fc00def8781,"((4, 48, 2048, 128), (4, 48, 2048, 128), (4, 48, 2048, 128))","('torch.bfloat16', 'torch.bfloat16', 'torch.bfloat16')",lfbo,0,True,ok,1.9391105296660442,488,1076.8355206018314,1079.6396913034841,13,62,1,
attention,d87d3425edbab54cbe4cce09e5e713cf65a61a5c4567191aa43f7fc00def8781,"((4, 48, 2048, 128), (4, 48, 2048, 128), (4, 48, 2048, 128))","('torch.bfloat16', 'torch.bfloat16', 'torch.bfloat16')",lfbo,1,True,ok,1.113202174504598,888,2241.3678530249745,2244.758921605535,17,140,0,
attention,d87d3425edbab54cbe4cce09e5e713cf65a61a5c4567191aa43f7fc00def8781,"((4, 48, 2048, 128), (4, 48, 2048, 128), (4, 48, 2048, 128))","('torch.bfloat16', 'torch.bfloat16', 'torch.bfloat16')",lfbo,2,True,ok,1.2066460493448619,493,1194.496238979511,1198.3192901220173,10,73,0,
attention,d87d3425edbab54cbe4cce09e5e713cf65a61a5c4567191aa43f7fc00def8781,"((4, 48, 2048, 128), (4, 48, 2048, 128), (4, 48, 2048, 128))","('torch.bfloat16', 'torch.bfloat16', 'torch.bfloat16')",rag_lfbo,0,True,ok,0.9676285198201304,492,1241.9352167164907,1252.3377428045496,14,196,0,1
attention,d87d3425edbab54cbe4cce09e5e713cf65a61a5c4567191aa43f7fc00def8781,"((4, 48, 2048, 128), (4, 48, 2048, 128), (4, 48, 2048, 128))","('torch.bfloat16', 'torch.bfloat16', 'torch.bfloat16')",rag_lfbo,1,True,ok,0.9772648574203573,562,1866.40671086777,1877.3979176441208,13,210,1,1
attention,d87d3425edbab54cbe4cce09e5e713cf65a61a5c4567191aa43f7fc00def8781,"((4, 48, 2048, 128), (4, 48, 2048, 128), (4, 48, 2048, 128))","('torch.bfloat16', 'torch.bfloat16', 'torch.bfloat16')",rag_lfbo,2,True,ok,0.9630434752806373,425,1442.8083650507033,1455.107845905237,10,173,0,1
attention,eb14f0ebb15a40d0c05f4d6e8f345a3d681280e9a2ba154bdf6b2d17a5269bfe,"((4, 48, 8192, 128), (4, 48, 8192, 128), (4, 48, 8192, 128))","('torch.bfloat16', 'torch.bfloat16', 'torch.bfloat16')",lfbo,0,True,ok,14.73862918217977,572,4224.627131911926,4227.47899232991,17,185,0,
attention,eb14f0ebb15a40d0c05f4d6e8f345a3d681280e9a2ba154bdf6b2d17a5269bfe,"((4, 48, 8192, 128), (4, 48, 8192, 128), (4, 48, 8192, 128))","('torch.bfloat16', 'torch.bfloat16', 'torch.bfloat16')",lfbo,1,True,ok,17.109472274780273,377,2174.2181335426867,2176.960616853088,6,84,0,
attention,eb14f0ebb15a40d0c05f4d6e8f345a3d681280e9a2ba154bdf6b2d17a5269bfe,"((4, 48, 8192, 128), (4, 48, 8192, 128), (4, 48, 8192, 128))","('torch.bfloat16', 'torch.bfloat16', 'torch.bfloat16')",lfbo,2,True,ok,15.256298700968424,570,2812.7530522225425,2815.7498734714463,11,169,0,
attention,eb14f0ebb15a40d0c05f4d6e8f345a3d681280e9a2ba154bdf6b2d17a5269bfe,"((4, 48, 8192, 128), (4, 48, 8192, 128), (4, 48, 8192, 128))","('torch.bfloat16', 'torch.bfloat16', 'torch.bfloat16')",rag_lfbo,0,True,ok,15.592714627583822,501,2405.7521920446306,2418.0543690575287,12,203,0,1
attention,eb14f0ebb15a40d0c05f4d6e8f345a3d681280e9a2ba154bdf6b2d17a5269bfe,"((4, 48, 8192, 128), (4, 48, 8192, 128), (4, 48, 8192, 128))","('torch.bfloat16', 'torch.bfloat16', 'torch.bfloat16')",rag_lfbo,1,True,ok,15.318981170654297,374,2279.2112189261243,2289.7834655046463,11,144,0,1
attention,eb14f0ebb15a40d0c05f4d6e8f345a3d681280e9a2ba154bdf6b2d17a5269bfe,"((4, 48, 8192, 128), (4, 48, 8192, 128), (4, 48, 8192, 128))","('torch.bfloat16', 'torch.bfloat16', 'torch.bfloat16')",rag_lfbo,2,True,ok,15.587050755818685,458,2500.451842796989,2511.290170413442,12,169,0,1
cross_entropy,0dc86229de2021d48d46644fa7d075e8a6581d57b34547bcdcff0e24dd2a69d3,"((16384, 4096), (16384,))","('torch.float32', 'torch.int64')",lfbo,0,True,ok,0.13150039209308578,967,1067.917803985998,1071.6061306521297,16,5,0,
cross_entropy,0dc86229de2021d48d46644fa7d075e8a6581d57b34547bcdcff0e24dd2a69d3,"((16384, 4096), (16384,))","('torch.float32', 'torch.int64')",lfbo,1,True,ok,0.13330159596915314,761,840.4197429269552,843.7895096661523,19,6,0,
cross_entropy,0dc86229de2021d48d46644fa7d075e8a6581d57b34547bcdcff0e24dd2a69d3,"((16384, 4096), (16384,))","('torch.float32', 'torch.int64')",lfbo,2,True,ok,0.12946011617924402,1098,770.2130089960992,773.2510608863086,17,2,0,
cross_entropy,0dc86229de2021d48d46644fa7d075e8a6581d57b34547bcdcff0e24dd2a69d3,"((16384, 4096), (16384,))","('torch.float32', 'torch.int64')",rag_lfbo,0,True,ok,0.1295105558706493,254,350.90364919323474,362.1036292714998,7,4,0,1
cross_entropy,0dc86229de2021d48d46644fa7d075e8a6581d57b34547bcdcff0e24dd2a69d3,"((16384, 4096), (16384,))","('torch.float32', 'torch.int64')",rag_lfbo,1,True,ok,0.1310531086591353,744,742.76448188629,758.0217507993802,18,6,0,1
cross_entropy,0dc86229de2021d48d46644fa7d075e8a6581d57b34547bcdcff0e24dd2a69d3,"((16384, 4096), (16384,))","('torch.float32', 'torch.int64')",rag_lfbo,2,True,ok,0.13333471235705585,609,471.9046492455527,483.55070292484015,20,2,0,1
cross_entropy,35f5307799ea746adfdf11933ac583283650e19f93f05435b329f9c03cdc9ca6,"((16384, 131072), (16384,))","('torch.float32', 'torch.int64')",lfbo,0,True,ok,4.554093769618443,1240,1002.6614665491506,1008.0270257135853,20,0,0,
cross_entropy,35f5307799ea746adfdf11933ac583283650e19f93f05435b329f9c03cdc9ca6,"((16384, 131072), (16384,))","('torch.float32', 'torch.int64')",lfbo,1,True,ok,4.67170557975769,670,829.6998524842784,832.798917346634,13,0,0,
cross_entropy,35f5307799ea746adfdf11933ac583283650e19f93f05435b329f9c03cdc9ca6,"((16384, 131072), (16384,))","('torch.float32', 'torch.int64')",lfbo,2,True,ok,4.554294881366548,724,906.1002115188166,910.4925464997068,14,0,0,
cross_entropy,35f5307799ea746adfdf11933ac583283650e19f93f05435b329f9c03cdc9ca6,"((16384, 131072), (16384,))","('torch.float32', 'torch.int64')",rag_lfbo,0,True,ok,4.664084792137146,510,614.771431828849,631.8855890939012,9,1,0,1
cross_entropy,35f5307799ea746adfdf11933ac583283650e19f93f05435b329f9c03cdc9ca6,"((16384, 131072), (16384,))","('torch.float32', 'torch.int64')",rag_lfbo,1,True,ok,4.55386209487915,985,975.6192600820214,987.3364132111892,20,0,0,1
cross_entropy,35f5307799ea746adfdf11933ac583283650e19f93f05435b329f9c03cdc9ca6,"((16384, 131072), (16384,))","('torch.float32', 'torch.int64')",rag_lfbo,2,True,ok,4.541551272074382,502,681.3451875504106,692.5546527719125,10,1,0,1
cross_entropy,a03d68eccc1970471d75d393775e44ad560e0b31741f2603940b1d6b6178caeb,"((16384, 32768), (16384,))","('torch.float32', 'torch.int64')",lfbo,0,True,ok,0.9380948192194889,399,393.25970998965204,396.2780789518729,7,3,0,
cross_entropy,a03d68eccc1970471d75d393775e44ad560e0b31741f2603940b1d6b6178caeb,"((16384, 32768), (16384,))","('torch.float32', 'torch.int64')",lfbo,1,True,ok,0.9370869868680051,485,662.475548222661,665.1227233419195,9,9,0,
cross_entropy,a03d68eccc1970471d75d393775e44ad560e0b31741f2603940b1d6b6178caeb,"((16384, 32768), (16384,))","('torch.float32', 'torch.int64')",lfbo,2,True,ok,0.9366437052425586,400,689.2350807338953,691.1473319400102,7,17,0,
cross_entropy,a03d68eccc1970471d75d393775e44ad560e0b31741f2603940b1d6b6178caeb,"((16384, 32768), (16384,))","('torch.float32', 'torch.int64')",rag_lfbo,1,True,ok,0.9359147768271597,312,580.9633446037769,593.2683129245415,6,7,0,1
cross_entropy,a03d68eccc1970471d75d393775e44ad560e0b31741f2603940b1d6b6178caeb,"((16384, 32768), (16384,))","('torch.float32', 'torch.int64')",rag_lfbo,2,True,ok,0.9360666946360939,291,701.3791019711643,718.0735267112032,5,6,0,1
helion_mamba2_chunk_scan_kernel,25b03aec2e31ceb5c67204335ef47d0ea1dd215aad5e3fdd4f28723dfac500cd,"((64, 8, 1, 256, 256), (64, 2048, 64, 64), (64, 64, 8, 256), (64, 64, 8, 256), (64, 2048, 1, 128), (64, 8, 64, 64, 128), (64,))","('torch.float16', 'torch.float16', 'torch.float16', 'torch.float16', 'torch.float16', 'torch.float16', 'torch.float16')",lfbo,0,True,ok,2.2542928152306136,651,1311.2027020240203,1314.983218778856,10,11,1,
helion_mamba2_chunk_scan_kernel,25b03aec2e31ceb5c67204335ef47d0ea1dd215aad5e3fdd4f28723dfac500cd,"((64, 8, 1, 256, 256), (64, 2048, 64, 64), (64, 64, 8, 256), (64, 64, 8, 256), (64, 2048, 1, 128), (64, 8, 64, 64, 128), (64,))","('torch.float16', 'torch.float16', 'torch.float16', 'torch.float16', 'torch.float16', 'torch.float16', 'torch.float16')",lfbo,1,True,ok,2.1449105468663303,945,2319.1698875389993,2324.488152497448,20,12,43,
helion_mamba2_chunk_scan_kernel,25b03aec2e31ceb5c67204335ef47d0ea1dd215aad5e3fdd4f28723dfac500cd,"((64, 8, 1, 256, 256), (64, 2048, 64, 64), (64, 64, 8, 256), (64, 64, 8, 256), (64, 2048, 1, 128), (64, 8, 64, 64, 128), (64,))","('torch.float16', 'torch.float16', 'torch.float16', 'torch.float16', 'torch.float16', 'torch.float16', 'torch.float16')",lfbo,2,True,ok,2.0125340024630227,894,1560.1250332295895,1564.8566011833027,19,36,6,
helion_mamba2_chunk_scan_kernel,25b03aec2e31ceb5c67204335ef47d0ea1dd215aad5e3fdd4f28723dfac500cd,"((64, 8, 1, 256, 256), (64, 2048, 64, 64), (64, 64, 8, 256), (64, 64, 8, 256), (64, 2048, 1, 128), (64, 8, 64, 64, 128), (64,))","('torch.float16', 'torch.float16', 'torch.float16', 'torch.float16', 'torch.float16', 'torch.float16', 'torch.float16')",rag_lfbo,0,True,ok,2.1008765231008115,530,1353.0749711124226,1368.958952379413,15,19,11,1
helion_mamba2_chunk_scan_kernel,25b03aec2e31ceb5c67204335ef47d0ea1dd215aad5e3fdd4f28723dfac500cd,"((64, 8, 1, 256, 256), (64, 2048, 64, 64), (64, 64, 8, 256), (64, 64, 8, 256), (64, 2048, 1, 128), (64, 8, 64, 64, 128), (64,))","('torch.float16', 'torch.float16', 'torch.float16', 'torch.float16', 'torch.float16', 'torch.float16', 'torch.float16')",rag_lfbo,1,True,ok,2.080350637435913,712,1555.83800915163,1568.145111828111,17,13,6,1
helion_mamba2_chunk_scan_kernel,25b03aec2e31ceb5c67204335ef47d0ea1dd215aad5e3fdd4f28723dfac500cd,"((64, 8, 1, 256, 256), (64, 2048, 64, 64), (64, 64, 8, 256), (64, 64, 8, 256), (64, 2048, 1, 128), (64, 8, 64, 64, 128), (64,))","('torch.float16', 'torch.float16', 'torch.float16', 'torch.float16', 'torch.float16', 'torch.float16', 'torch.float16')",rag_lfbo,2,True,ok,2.0700377809240464,477,944.813155548647,956.5419200509787,9,11,6,1
helion_mamba2_chunk_scan_kernel,65af2b57d903fbf5d828d103ed11cf010ce78b396849bb42c749de57af99ddbe,"((1, 4, 1, 256, 256), (1, 1024, 64, 64), (1, 64, 4, 256), (1, 64, 4, 256), (1, 1024, 1, 128), (1, 4, 64, 64, 128), (64,))","('torch.float16', 'torch.float16', 'torch.float16', 'torch.float16', 'torch.float16', 'torch.float16', 'torch.float16')",lfbo,0,True,ok,0.022331623938942908,1135,2271.722005067393,2274.749206537381,20,41,1,
helion_mamba2_chunk_scan_kernel,65af2b57d903fbf5d828d103ed11cf010ce78b396849bb42c749de57af99ddbe,"((1, 4, 1, 256, 256), (1, 1024, 64, 64), (1, 64, 4, 256), (1, 64, 4, 256), (1, 1024, 1, 128), (1, 4, 64, 64, 128), (64,))","('torch.float16', 'torch.float16', 'torch.float16', 'torch.float16', 'torch.float16', 'torch.float16', 'torch.float16')",lfbo,1,True,ok,0.026568327485774344,1397,2841.74718052987,2848.6710120197386,20,25,8,
helion_mamba2_chunk_scan_kernel,65af2b57d903fbf5d828d103ed11cf010ce78b396849bb42c749de57af99ddbe,"((1, 4, 1, 256, 256), (1, 1024, 64, 64), (1, 64, 4, 256), (1, 64, 4, 256), (1, 1024, 1, 128), (1, 4, 64, 64, 128), (64,))","('torch.float16', 'torch.float16', 'torch.float16', 'torch.float16', 'torch.float16', 'torch.float16', 'torch.float16')",lfbo,2,True,ok,0.021624361572650363,1613,2076.731044012122,2081.676346112974,20,79,0,
helion_mamba2_chunk_scan_kernel,65af2b57d903fbf5d828d103ed11cf010ce78b396849bb42c749de57af99ddbe,"((1, 4, 1, 256, 256), (1, 1024, 64, 64), (1, 64, 4, 256), (1, 64, 4, 256), (1, 1024, 1, 128), (1, 4, 64, 64, 128), (64,))","('torch.float16', 'torch.float16', 'torch.float16', 'torch.float16', 'torch.float16', 'torch.float16', 'torch.float16')",rag_lfbo,0,True,ok,0.02254369899673676,719,1356.1387700047344,1367.02195684053,20,8,1,1
helion_mamba2_chunk_scan_kernel,65af2b57d903fbf5d828d103ed11cf010ce78b396849bb42c749de57af99ddbe,"((1, 4, 1, 256, 256), (1, 1024, 64, 64), (1, 64, 4, 256), (1, 64, 4, 256), (1, 1024, 1, 128), (1, 4, 64, 64, 128), (64,))","('torch.float16', 'torch.float16', 'torch.float16', 'torch.float16', 'torch.float16', 'torch.float16', 'torch.float16')",rag_lfbo,1,True,ok,0.021589257137051652,665,1383.5974452449009,1395.6061923867092,18,10,8,1
helion_mamba2_chunk_scan_kernel,65af2b57d903fbf5d828d103ed11cf010ce78b396849bb42c749de57af99ddbe,"((1, 4, 1, 256, 256), (1, 1024, 64, 64), (1, 64, 4, 256), (1, 64, 4, 256), (1, 1024, 1, 128), (1, 4, 64, 64, 128), (64,))","('torch.float16', 'torch.float16', 'torch.float16', 'torch.float16', 'torch.float16', 'torch.float16', 'torch.float16')",rag_lfbo,2,True,ok,0.02150697139224836,639,1259.36652349215,1274.0754625536501,15,7,6,1
helion_mamba2_chunk_scan_kernel,7a3961843feaf4a44068ccc8a4335acaa1be52056aff19be60b9abf69022f34a,"((64, 4, 1, 256, 256), (64, 1024, 64, 64), (64, 64, 4, 256), (64, 64, 4, 256), (64, 1024, 1, 128), (64, 4, 64, 64, 128), (64,))","('torch.float16', 'torch.float16', 'torch.float16', 'torch.float16', 'torch.float16', 'torch.float16', 'torch.float16')",lfbo,0,True,ok,1.0185145437717438,1189,1896.7764834482223,1902.6752055147663,20,24,21,
helion_mamba2_chunk_scan_kernel,7a3961843feaf4a44068ccc8a4335acaa1be52056aff19be60b9abf69022f34a,"((64, 4, 1, 256, 256), (64, 1024, 64, 64), (64, 64, 4, 256), (64, 64, 4, 256), (64, 1024, 1, 128), (64, 4, 64, 64, 128), (64,))","('torch.float16', 'torch.float16', 'torch.float16', 'torch.float16', 'torch.float16', 'torch.float16', 'torch.float16')",lfbo,1,True,ok,1.2400385729254109,640,1043.679919349961,1047.694974604994,12,14,8,
helion_mamba2_chunk_scan_kernel,7a3961843feaf4a44068ccc8a4335acaa1be52056aff19be60b9abf69022f34a,"((64, 4, 1, 256, 256), (64, 1024, 64, 64), (64, 64, 4, 256), (64, 64, 4, 256), (64, 1024, 1, 128), (64, 4, 64, 64, 128), (64,))","('torch.float16', 'torch.float16', 'torch.float16', 'torch.float16', 'torch.float16', 'torch.float16', 'torch.float16')",lfbo,2,True,ok,1.0233499314008134,810,1260.6617113947868,1264.4573112539947,13,13,4,
helion_mamba2_chunk_scan_kernel,7a3961843feaf4a44068ccc8a4335acaa1be52056aff19be60b9abf69022f34a,"((64, 4, 1, 256, 256), (64, 1024, 64, 64), (64, 64, 4, 256), (64, 64, 4, 256), (64, 1024, 1, 128), (64, 4, 64, 64, 128), (64,))","('torch.float16', 'torch.float16', 'torch.float16', 'torch.float16', 'torch.float16', 'torch.float16', 'torch.float16')",rag_lfbo,0,True,ok,1.0855914179871722,364,974.5286414148286,988.7319654570892,6,3,13,1
helion_mamba2_chunk_scan_kernel,7a3961843feaf4a44068ccc8a4335acaa1be52056aff19be60b9abf69022f34a,"((64, 4, 1, 256, 256), (64, 1024, 64, 64), (64, 64, 4, 256), (64, 64, 4, 256), (64, 1024, 1, 128), (64, 4, 64, 64, 128), (64,))","('torch.float16', 'torch.float16', 'torch.float16', 'torch.float16', 'torch.float16', 'torch.float16', 'torch.float16')",rag_lfbo,1,True,ok,1.1134372010827065,349,758.7565050460398,771.1384808216244,8,10,8,1
helion_mamba2_chunk_scan_kernel,7a3961843feaf4a44068ccc8a4335acaa1be52056aff19be60b9abf69022f34a,"((64, 4, 1, 256, 256), (64, 1024, 64, 64), (64, 64, 4, 256), (64, 64, 4, 256), (64, 1024, 1, 128), (64, 4, 64, 64, 128), (64,))","('torch.float16', 'torch.float16', 'torch.float16', 'torch.float16', 'torch.float16', 'torch.float16', 'torch.float16')",rag_lfbo,2,True,ok,1.010386286856054,735,2014.009148111567,2027.436118459329,14,24,51,1
helion_mamba2_chunk_state_kernel,1f6ebf40bd998a7740af80023d0661d887a5e1f284d203d202baa1856d6183df,"((1, 1024, 1, 128), (1, 1024, 64, 64), (1, 64, 4, 256), (1, 64, 4, 256))","('torch.float16', 'torch.float16', 'torch.float16', 'torch.float16')",lfbo,0,True,ok,0.012567234022463573,1249,1140.539954633452,1143.180354854092,18,64,45,
helion_mamba2_chunk_state_kernel,1f6ebf40bd998a7740af80023d0661d887a5e1f284d203d202baa1856d6183df,"((1, 1024, 1, 128), (1, 1024, 64, 64), (1, 64, 4, 256), (1, 64, 4, 256))","('torch.float16', 'torch.float16', 'torch.float16', 'torch.float16')",lfbo,1,True,ok,0.010353174884971455,1431,1124.5781230507419,1126.6251533878967,20,105,45,
helion_mamba2_chunk_state_kernel,1f6ebf40bd998a7740af80023d0661d887a5e1f284d203d202baa1856d6183df,"((1, 1024, 1, 128), (1, 1024, 64, 64), (1, 64, 4, 256), (1, 64, 4, 256))","('torch.float16', 'torch.float16', 'torch.float16', 'torch.float16')",lfbo,2,True,ok,0.009602000022520466,975,870.6328928172588,872.9738002279773,16,74,47,
helion_mamba2_chunk_state_kernel,1f6ebf40bd998a7740af80023d0661d887a5e1f284d203d202baa1856d6183df,"((1, 1024, 1, 128), (1, 1024, 64, 64), (1, 64, 4, 256), (1, 64, 4, 256))","('torch.float16', 'torch.float16', 'torch.float16', 'torch.float16')",rag_lfbo,0,True,ok,0.012346858706923815,847,795.1092342687771,806.1690198685974,11,62,24,1
helion_mamba2_chunk_state_kernel,1f6ebf40bd998a7740af80023d0661d887a5e1f284d203d202baa1856d6183df,"((1, 1024, 1, 128), (1, 1024, 64, 64), (1, 64, 4, 256), (1, 64, 4, 256))","('torch.float16', 'torch.float16', 'torch.float16', 'torch.float16')",rag_lfbo,1,True,ok,0.013299882703771193,983,1149.4605378462002,1160.6128554809839,16,88,34,1
helion_mamba2_chunk_state_kernel,1f6ebf40bd998a7740af80023d0661d887a5e1f284d203d202baa1856d6183df,"((1, 1024, 1, 128), (1, 1024, 64, 64), (1, 64, 4, 256), (1, 64, 4, 256))","('torch.float16', 'torch.float16', 'torch.float16', 'torch.float16')",rag_lfbo,2,True,ok,0.010068539130729796,900,1285.841865430586,1297.596959784627,20,148,32,1
helion_mamba2_chunk_state_kernel,8374c461994e8c2ae2ae38fa3a44ead6274b2a2caf707561b7dc9eb57c7974f6,"((64, 2048, 1, 128), (64, 2048, 64, 64), (64, 64, 8, 256), (64, 64, 8, 256))","('torch.float16', 'torch.float16', 'torch.float16', 'torch.float16')",lfbo,0,True,ok,0.8399154931596182,786,932.8935117311776,936.1812034659088,12,63,33,
helion_mamba2_chunk_state_kernel,8374c461994e8c2ae2ae38fa3a44ead6274b2a2caf707561b7dc9eb57c7974f6,"((64, 2048, 1, 128), (64, 2048, 64, 64), (64, 64, 8, 256), (64, 64, 8, 256))","('torch.float16', 'torch.float16', 'torch.float16', 'torch.float16')",lfbo,1,True,ok,0.8549247343563339,845,1033.5149416578934,1036.2651247214526,11,65,14,
helion_mamba2_chunk_state_kernel,8374c461994e8c2ae2ae38fa3a44ead6274b2a2caf707561b7dc9eb57c7974f6,"((64, 2048, 1, 128), (64, 2048, 64, 64), (64, 64, 8, 256), (64, 64, 8, 256))","('torch.float16', 'torch.float16', 'torch.float16', 'torch.float16')",lfbo,2,True,ok,0.7916374277631077,727,1246.1504174331203,1249.2258284576237,16,92,25,
helion_mamba2_chunk_state_kernel,8374c461994e8c2ae2ae38fa3a44ead6274b2a2caf707561b7dc9eb57c7974f6,"((64, 2048, 1, 128), (64, 2048, 64, 64), (64, 64, 8, 256), (64, 64, 8, 256))","('torch.float16', 'torch.float16', 'torch.float16', 'torch.float16')",rag_lfbo,0,True,ok,0.8003848812995701,806,1409.2561614327133,1420.2438796097413,14,85,19,1
helion_mamba2_chunk_state_kernel,8374c461994e8c2ae2ae38fa3a44ead6274b2a2caf707561b7dc9eb57c7974f6,"((64, 2048, 1, 128), (64, 2048, 64, 64), (64, 64, 8, 256), (64, 64, 8, 256))","('torch.float16', 'torch.float16', 'torch.float16', 'torch.float16')",rag_lfbo,1,True,ok,0.8724657438769199,864,1429.0671450933442,1440.0864675678313,16,114,13,1
helion_mamba2_chunk_state_kernel,8374c461994e8c2ae2ae38fa3a44ead6274b2a2caf707561b7dc9eb57c7974f6,"((64, 2048, 1, 128), (64, 2048, 64, 64), (64, 64, 8, 256), (64, 64, 8, 256))","('torch.float16', 'torch.float16', 'torch.float16', 'torch.float16')",rag_lfbo,2,True,ok,0.7995519998970382,755,1392.8590590534732,1405.0053986608982,20,138,34,1
helion_mamba2_chunk_state_kernel,e61ad3559c56737ba4c56b068e5210ba8a2030afe809fec05771f0a087862545,"((64, 1024, 1, 128), (64, 1024, 64, 64), (64, 64, 4, 256), (64, 64, 4, 256))","('torch.float16', 'torch.float16', 'torch.float16', 'torch.float16')",lfbo,0,True,ok,0.4208633086165866,964,1467.5346119748428,1470.0449677016586,20,121,20,
helion_mamba2_chunk_state_kernel,e61ad3559c56737ba4c56b068e5210ba8a2030afe809fec05771f0a087862545,"((64, 1024, 1, 128), (64, 1024, 64, 64), (64, 64, 4, 256), (64, 64, 4, 256))","('torch.float16', 'torch.float16', 'torch.float16', 'torch.float16')",lfbo,1,True,ok,0.40091224856327234,808,1269.104933670722,1271.790339990519,10,57,20,
helion_mamba2_chunk_state_kernel,e61ad3559c56737ba4c56b068e5210ba8a2030afe809fec05771f0a087862545,"((64, 1024, 1, 128), (64, 1024, 64, 64), (64, 64, 4, 256), (64, 64, 4, 256))","('torch.float16', 'torch.float16', 'torch.float16', 'torch.float16')",lfbo,2,True,ok,0.4009193324794372,1018,1852.3598216101527,1854.9798426665366,20,163,19,
helion_mamba2_chunk_state_kernel,e61ad3559c56737ba4c56b068e5210ba8a2030afe809fec05771f0a087862545,"((64, 1024, 1, 128), (64, 1024, 64, 64), (64, 64, 4, 256), (64, 64, 4, 256))","('torch.float16', 'torch.float16', 'torch.float16', 'torch.float16')",rag_lfbo,0,True,ok,0.4237053909379503,572,894.5977837564424,904.9211702905595,9,72,15,1
helion_mamba2_chunk_state_kernel,e61ad3559c56737ba4c56b068e5210ba8a2030afe809fec05771f0a087862545,"((64, 1024, 1, 128), (64, 1024, 64, 64), (64, 64, 4, 256), (64, 64, 4, 256))","('torch.float16', 'torch.float16', 'torch.float16', 'torch.float16')",rag_lfbo,1,True,ok,0.3967648653947201,544,899.8875755611807,909.7890314646065,9,64,31,1
helion_mamba2_chunk_state_kernel,e61ad3559c56737ba4c56b068e5210ba8a2030afe809fec05771f0a087862545,"((64, 1024, 1, 128), (64, 1024, 64, 64), (64, 64, 4, 256), (64, 64, 4, 256))","('torch.float16', 'torch.float16', 'torch.float16', 'torch.float16')",rag_lfbo,2,True,ok,0.39997181342673427,409,721.3869681861252,732.597259953618,7,54,14,1
jsd_forward,01c3b54e57c947407b4e2787294f24b16461c7c2e8b6bb5f4d91c5f8d9409b15,"((8192, 131072), (8192, 131072))","('torch.float32', 'torch.float32')",lfbo,0,True,ok,3.652907050572909,385,619.2553717195988,622.2368582347408,6,5,0,
jsd_forward,01c3b54e57c947407b4e2787294f24b16461c7c2e8b6bb5f4d91c5f8d9409b15,"((8192, 131072), (8192, 131072))","('torch.float32', 'torch.float32')",lfbo,1,True,ok,3.653751400800852,326,760.3566771866754,763.8883826583624,4,8,0,
jsd_forward,01c3b54e57c947407b4e2787294f24b16461c7c2e8b6bb5f4d91c5f8d9409b15,"((8192, 131072), (8192, 131072))","('torch.float32', 'torch.float32')",lfbo,2,True,ok,3.650735983481774,312,668.3506681574509,671.8500047856942,5,6,0,
jsd_forward,01c3b54e57c947407b4e2787294f24b16461c7c2e8b6bb5f4d91c5f8d9409b15,"((8192, 131072), (8192, 131072))","('torch.float32', 'torch.float32')",rag_lfbo,0,True,ok,3.614300324366643,335,819.796211918816,831.3529277816415,5,21,0,1
jsd_forward,01c3b54e57c947407b4e2787294f24b16461c7c2e8b6bb5f4d91c5f8d9409b15,"((8192, 131072), (8192, 131072))","('torch.float32', 'torch.float32')",rag_lfbo,1,True,ok,3.6131852315022397,401,711.7036434886977,724.6800874387845,8,25,0,1
jsd_forward,01c3b54e57c947407b4e2787294f24b16461c7c2e8b6bb5f4d91c5f8d9409b15,"((8192, 131072), (8192, 131072))","('torch.float32', 'torch.float32')",rag_lfbo,2,True,ok,3.6170719861984253,514,1133.9478838294744,1144.4384697880596,10,29,0,1
jsd_forward,ef37b0c48dcbf3a3c254196337dc9d26dae32e5d2ea3da6bd08a19fcb16946a0,"((8192, 32768), (8192, 32768))","('torch.float32', 'torch.float32')",lfbo,0,True,ok,0.9302566666156054,287,470.990624377504,473.63381404522806,5,5,0,
jsd_forward,ef37b0c48dcbf3a3c254196337dc9d26dae32e5d2ea3da6bd08a19fcb16946a0,"((8192, 32768), (8192, 32768))","('torch.float32', 'torch.float32')",lfbo,1,True,ok,0.9376579359958046,376,439.9528237581253,442.40821583010256,8,4,0,
jsd_forward,ef37b0c48dcbf3a3c254196337dc9d26dae32e5d2ea3da6bd08a19fcb16946a0,"((8192, 32768), (8192, 32768))","('torch.float32', 'torch.float32')",lfbo,2,True,ok,0.9391097250737642,241,410.018989155069,412.03963883407414,4,3,0,
jsd_forward,ef37b0c48dcbf3a3c254196337dc9d26dae32e5d2ea3da6bd08a19fcb16946a0,"((8192, 32768), (8192, 32768))","('torch.float32', 'torch.float32')",rag_lfbo,0,True,ok,0.9315236664066712,347,491.84686136897653,502.812050845474,6,17,0,1
jsd_forward,ef37b0c48dcbf3a3c254196337dc9d26dae32e5d2ea3da6bd08a19fcb16946a0,"((8192, 32768), (8192, 32768))","('torch.float32', 'torch.float32')",rag_lfbo,1,True,ok,0.930698332687219,244,391.8024985762313,402.2560118949041,4,11,0,1
jsd_forward,ef37b0c48dcbf3a3c254196337dc9d26dae32e5d2ea3da6bd08a19fcb16946a0,"((8192, 32768), (8192, 32768))","('torch.float32', 'torch.float32')",rag_lfbo,2,True,ok,0.9298673340429863,372,666.9107943968847,678.0907374648377,8,15,0,1
jsd_forward,f44fb83f7adca4c9b509bd7c5278bb98260761a3ae63f6d2a26fbd5799fe2449,"((8192, 4096), (8192, 4096))","('torch.float32', 'torch.float32')",lfbo,0,True,ok,0.13336383192627518,1182,895.5267414525151,899.0823452435434,20,6,0,
jsd_forward,f44fb83f7adca4c9b509bd7c5278bb98260761a3ae63f6d2a26fbd5799fe2449,"((8192, 4096), (8192, 4096))","('torch.float32', 'torch.float32')",lfbo,1,True,ok,0.13381923572449175,1117,792.4200232597068,796.5676839267835,20,2,0,
jsd_forward,f44fb83f7adca4c9b509bd7c5278bb98260761a3ae63f6d2a26fbd5799fe2449,"((8192, 4096), (8192, 4096))","('torch.float32', 'torch.float32')",lfbo,2,True,ok,0.13327622593034982,1083,818.6552429301664,822.951025721617,20,2,0,
jsd_forward,f44fb83f7adca4c9b509bd7c5278bb98260761a3ae63f6d2a26fbd5799fe2449,"((8192, 4096), (8192, 4096))","('torch.float32', 'torch.float32')",rag_lfbo,0,True,ok,0.13285572408455346,744,644.5795515235513,656.5217175660655,20,1,0,1
jsd_forward,f44fb83f7adca4c9b509bd7c5278bb98260761a3ae63f6d2a26fbd5799fe2449,"((8192, 4096), (8192, 4096))","('torch.float32', 'torch.float32')",rag_lfbo,1,True,ok,0.12791171124182552,410,483.4633198613301,496.620060284622,12,3,0,1
jsd_forward,f44fb83f7adca4c9b509bd7c5278bb98260761a3ae63f6d2a26fbd5799fe2449,"((8192, 4096), (8192, 4096))","('torch.float32', 'torch.float32')",rag_lfbo,2,True,ok,0.14081357818827145,631,514.2954705683514,525.5012422865257,13,3,0,1
kl_div_forward,0c5042176756e52de79cc0e7086a077df3d12bc5d928be012f12965ea675de3c,"((4096, 4096), (4096, 4096))","('torch.float32', 'torch.float32')",lfbo,0,True,ok,0.07579092120521524,616,437.18728643562645,440.0656821895391,10,7,0,
kl_div_forward,0c5042176756e52de79cc0e7086a077df3d12bc5d928be012f12965ea675de3c,"((4096, 4096), (4096, 4096))","('torch.float32', 'torch.float32')",lfbo,1,True,ok,0.07522744569606549,750,398.49401155579835,401.0462429597974,12,2,0,
kl_div_forward,0c5042176756e52de79cc0e7086a077df3d12bc5d928be012f12965ea675de3c,"((4096, 4096), (4096, 4096))","('torch.float32', 'torch.float32')",lfbo,2,True,ok,0.07584600371446663,671,418.8502075439319,421.9752136170864,11,2,0,
kl_div_forward,0c5042176756e52de79cc0e7086a077df3d12bc5d928be012f12965ea675de3c,"((4096, 4096), (4096, 4096))","('torch.float32', 'torch.float32')",rag_lfbo,0,True,ok,0.07507056177834447,431,342.314219372347,352.8725504493341,8,6,0,1
kl_div_forward,0c5042176756e52de79cc0e7086a077df3d12bc5d928be012f12965ea675de3c,"((4096, 4096), (4096, 4096))","('torch.float32', 'torch.float32')",rag_lfbo,1,True,ok,0.07520173460802185,846,524.7015836816281,536.5541699426249,17,6,0,1
kl_div_forward,0c5042176756e52de79cc0e7086a077df3d12bc5d928be012f12965ea675de3c,"((4096, 4096), (4096, 4096))","('torch.float32', 'torch.float32')",rag_lfbo,2,True,ok,0.07494733710140267,565,395.3626260282472,405.8630053540692,11,8,0,1
kl_div_forward,363ff83e6bf928220706b85c6b3d64294a71b3e48524131df82a357f58513ee5,"((4096, 32768), (4096, 32768))","('torch.float32', 'torch.float32')",lfbo,0,True,ok,0.4805972697103725,450,587.1453376067802,589.8010447975248,7,8,0,
kl_div_forward,363ff83e6bf928220706b85c6b3d64294a71b3e48524131df82a357f58513ee5,"((4096, 32768), (4096, 32768))","('torch.float32', 'torch.float32')",lfbo,1,True,ok,0.4813514282660825,335,359.55865001212806,361.98724393360317,6,7,0,
kl_div_forward,363ff83e6bf928220706b85c6b3d64294a71b3e48524131df82a357f58513ee5,"((4096, 32768), (4096, 32768))","('torch.float32', 'torch.float32')",lfbo,2,True,ok,0.4814200471429264,356,580.0320642897859,582.0358681967482,7,19,0,
kl_div_forward,363ff83e6bf928220706b85c6b3d64294a71b3e48524131df82a357f58513ee5,"((4096, 32768), (4096, 32768))","('torch.float32', 'torch.float32')",rag_lfbo,0,True,ok,0.48293093464078285,325,407.154736187309,418.78005073033273,6,7,0,1
kl_div_forward,363ff83e6bf928220706b85c6b3d64294a71b3e48524131df82a357f58513ee5,"((4096, 32768), (4096, 32768))","('torch.float32', 'torch.float32')",rag_lfbo,1,True,ok,0.48033855599764536,307,454.1943517960608,465.4093556115404,5,10,0,1
kl_div_forward,363ff83e6bf928220706b85c6b3d64294a71b3e48524131df82a357f58513ee5,"((4096, 32768), (4096, 32768))","('torch.float32', 'torch.float32')",rag_lfbo,2,True,ok,0.4806309107845352,341,543.3517005732283,553.5351427746937,6,18,0,1
kl_div_forward,b6064f233f73868768ce7b1ed83398dd62b542f2331866ddae5eec01ced8977a,"((4096, 131072), (4096, 131072))","('torch.float32', 'torch.float32')",lfbo,0,True,ok,1.8376577227723365,363,685.7358924010769,688.938259231858,8,7,0,
kl_div_forward,b6064f233f73868768ce7b1ed83398dd62b542f2331866ddae5eec01ced8977a,"((4096, 131072), (4096, 131072))","('torch.float32', 'torch.float32')",lfbo,1,True,ok,1.822504158113517,390,435.7167376615107,438.1652156971395,8,32,0,
kl_div_forward,b6064f233f73868768ce7b1ed83398dd62b542f2331866ddae5eec01ced8977a,"((4096, 131072), (4096, 131072))","('torch.float32', 'torch.float32')",lfbo,2,True,ok,1.8232596060808968,349,473.8102458799258,476.22518274653703,5,12,0,
kl_div_forward,b6064f233f73868768ce7b1ed83398dd62b542f2331866ddae5eec01ced8977a,"((4096, 131072), (4096, 131072))","('torch.float32', 'torch.float32')",rag_lfbo,0,True,ok,1.8322559992472331,279,377.574957924895,389.79674420226365,6,10,0,1
kl_div_forward,b6064f233f73868768ce7b1ed83398dd62b542f2331866ddae5eec01ced8977a,"((4096, 131072), (4096, 131072))","('torch.float32', 'torch.float32')",rag_lfbo,1,True,ok,1.8364377570152284,286,387.88638182822615,398.97167609632015,5,7,0,1
kl_div_forward,b6064f233f73868768ce7b1ed83398dd62b542f2331866ddae5eec01ced8977a,"((4096, 131072), (4096, 131072))","('torch.float32', 'torch.float32')",rag_lfbo,2,True,ok,1.8314196058348113,258,330.41706981882453,341.8473993986845,4,13,0,1
layer_norm_bwd,7a7133864af10e3d2da25bea7c66a9fde309687266820c7091cd9f10b9adc4d9,"((4096, 15872), (4096, 15872), (4096,), (4096,), (15872,))","('torch.float32', 'torch.float32', 'torch.float32', 'torch.float32', 'torch.float32')",lfbo,0,True,ok,0.4735919061829062,530,1105.7362177325413,1109.0313107464463,9,2,0,
layer_norm_bwd,7a7133864af10e3d2da25bea7c66a9fde309687266820c7091cd9f10b9adc4d9,"((4096, 15872), (4096, 15872), (4096,), (4096,), (15872,))","('torch.float32', 'torch.float32', 'torch.float32', 'torch.float32', 'torch.float32')",lfbo,1,True,ok,0.4961152383886232,605,1272.4452618975192,1275.7160022249445,13,5,0,
layer_norm_bwd,7a7133864af10e3d2da25bea7c66a9fde309687266820c7091cd9f10b9adc4d9,"((4096, 15872), (4096, 15872), (4096,), (4096,), (15872,))","('torch.float32', 'torch.float32', 'torch.float32', 'torch.float32', 'torch.float32')",lfbo,2,True,ok,0.4922788292169571,415,1097.5225841915235,1099.8590430226177,9,3,0,
layer_norm_bwd,7a7133864af10e3d2da25bea7c66a9fde309687266820c7091cd9f10b9adc4d9,"((4096, 15872), (4096, 15872), (4096,), (4096,), (15872,))","('torch.float32', 'torch.float32', 'torch.float32', 'torch.float32', 'torch.float32')",rag_lfbo,0,True,ok,0.52041045939311,348,1173.5927322208881,1183.5323286764324,9,6,0,1
layer_norm_bwd,7a7133864af10e3d2da25bea7c66a9fde309687266820c7091cd9f10b9adc4d9,"((4096, 15872), (4096, 15872), (4096,), (4096,), (15872,))","('torch.float32', 'torch.float32', 'torch.float32', 'torch.float32', 'torch.float32')",rag_lfbo,1,True,ok,0.4822868566427912,834,1735.7783280629665,1751.0270235827193,16,4,0,1
layer_norm_bwd,7a7133864af10e3d2da25bea7c66a9fde309687266820c7091cd9f10b9adc4d9,"((4096, 15872), (4096, 15872), (4096,), (4096,), (15872,))","('torch.float32', 'torch.float32', 'torch.float32', 'torch.float32', 'torch.float32')",rag_lfbo,2,True,ok,0.501540149067655,538,1195.8811493599787,1211.9523475691676,10,0,0,1
layer_norm_bwd,dec039f871ae5f36a80a5a4113445a141b66d2d812468db3f7fe2dc7ff920b69,"((4096, 10752), (4096, 10752), (4096,), (4096,), (10752,))","('torch.float32', 'torch.float32', 'torch.float32', 'torch.float32', 'torch.float32')",lfbo,0,True,ok,0.26698564902971716,827,1793.7183210598305,1797.6560155274346,17,11,0,
layer_norm_bwd,dec039f871ae5f36a80a5a4113445a141b66d2d812468db3f7fe2dc7ff920b69,"((4096, 10752), (4096, 10752), (4096,), (4096,), (10752,))","('torch.float32', 'torch.float32', 'torch.float32', 'torch.float32', 'torch.float32')",lfbo,1,True,ok,0.26664127664420995,1182,2270.2423295350745,2273.439351916313,20,10,0,
layer_norm_bwd,dec039f871ae5f36a80a5a4113445a141b66d2d812468db3f7fe2dc7ff920b69,"((4096, 10752), (4096, 10752), (4096,), (4096,), (10752,))","('torch.float32', 'torch.float32', 'torch.float32', 'torch.float32', 'torch.float32')",lfbo,2,True,ok,0.2661540981934551,927,1498.5764045435935,1501.9802943728864,16,4,0,
layer_norm_bwd,dec039f871ae5f36a80a5a4113445a141b66d2d812468db3f7fe2dc7ff920b69,"((4096, 10752), (4096, 10752), (4096,), (4096,), (10752,))","('torch.float32', 'torch.float32', 'torch.float32', 'torch.float32', 'torch.float32')",rag_lfbo,0,True,ok,0.2680385698610386,232,1049.67236899212,1069.0729056112468,5,7,0,1
layer_norm_bwd,dec039f871ae5f36a80a5a4113445a141b66d2d812468db3f7fe2dc7ff920b69,"((4096, 10752), (4096, 10752), (4096,), (4096,), (10752,))","('torch.float32', 'torch.float32', 'torch.float32', 'torch.float32', 'torch.float32')",rag_lfbo,1,True,ok,0.26707664029743833,212,840.8687816867605,858.9699374986812,4,4,0,1
layer_norm_bwd,dec039f871ae5f36a80a5a4113445a141b66d2d812468db3f7fe2dc7ff920b69,"((4096, 10752), (4096, 10752), (4096,), (4096,), (10752,))","('torch.float32', 'torch.float32', 'torch.float32', 'torch.float32', 'torch.float32')",rag_lfbo,2,True,ok,0.26794557566895627,184,1001.105550407432,1012.4206634107977,4,6,0,1
layer_norm_bwd,f6ab10d318a2620c0e3ffa915d0e87e0b710937130143f94c787458e079ce30b,"((4096, 1024), (4096, 1024), (4096,), (4096,), (1024,))","('torch.float32', 'torch.float32', 'torch.float32', 'torch.float32', 'torch.float32')",lfbo,0,True,ok,0.041885040793859844,1069,1828.464704863727,1832.0554412072524,20,69,0,
layer_norm_bwd,f6ab10d318a2620c0e3ffa915d0e87e0b710937130143f94c787458e079ce30b,"((4096, 1024), (4096, 1024), (4096,), (4096,), (1024,))","('torch.float32', 'torch.float32', 'torch.float32', 'torch.float32', 'torch.float32')",lfbo,1,True,ok,0.04301767684817314,800,794.2485805647448,797.5543180648237,20,18,0,
layer_norm_bwd,f6ab10d318a2620c0e3ffa915d0e87e0b710937130143f94c787458e079ce30b,"((4096, 1024), (4096, 1024), (4096,), (4096,), (1024,))","('torch.float32', 'torch.float32', 'torch.float32', 'torch.float32', 'torch.float32')",lfbo,2,True,ok,0.04143903784076624,1096,939.3436822043732,944.4838702483103,20,27,0,
layer_norm_bwd,f6ab10d318a2620c0e3ffa915d0e87e0b710937130143f94c787458e079ce30b,"((4096, 1024), (4096, 1024), (4096,), (4096,), (1024,))","('torch.float32', 'torch.float32', 'torch.float32', 'torch.float32', 'torch.float32')",rag_lfbo,0,True,ok,0.042279601922291625,584,683.099067946896,696.077618997544,16,20,0,1
layer_norm_bwd,f6ab10d318a2620c0e3ffa915d0e87e0b710937130143f94c787458e079ce30b,"((4096, 1024), (4096, 1024), (4096,), (4096,), (1024,))","('torch.float32', 'torch.float32', 'torch.float32', 'torch.float32', 'torch.float32')",rag_lfbo,1,True,ok,0.04084372818823109,799,802.3179777730256,815.3809800958261,20,16,0,1
layer_norm_bwd,f6ab10d318a2620c0e3ffa915d0e87e0b710937130143f94c787458e079ce30b,"((4096, 1024), (4096, 1024), (4096,), (4096,), (1024,))","('torch.float32', 'torch.float32', 'torch.float32', 'torch.float32', 'torch.float32')",rag_lfbo,2,True,ok,0.04332805099780116,757,762.9106187392026,774.8181351926178,20,9,0,1
layer_norm_fwd,0f108d2fd87cf5004775a66db8a025e8e42cc4cb5eb313f8bc9ecd405b0315c8,"((4096, 15872), (15872,), (15872,))","('torch.float32', 'torch.float32', 'torch.float32')",lfbo,0,True,ok,0.24108157611458841,502,632.796749160625,634.9729451574385,12,12,0,
layer_norm_fwd,0f108d2fd87cf5004775a66db8a025e8e42cc4cb5eb313f8bc9ecd405b0315c8,"((4096, 15872), (15872,), (15872,))","('torch.float32', 'torch.float32', 'torch.float32')",lfbo,1,True,ok,0.2417750180520736,582,492.8001055326313,495.1554604694247,13,8,0,
layer_norm_fwd,0f108d2fd87cf5004775a66db8a025e8e42cc4cb5eb313f8bc9ecd405b0315c8,"((4096, 15872), (15872,), (15872,))","('torch.float32', 'torch.float32', 'torch.float32')",lfbo,2,True,ok,0.24230214489111002,627,552.226830277592,555.6204768074676,12,9,0,
layer_norm_fwd,0f108d2fd87cf5004775a66db8a025e8e42cc4cb5eb313f8bc9ecd405b0315c8,"((4096, 15872), (15872,), (15872,))","('torch.float32', 'torch.float32', 'torch.float32')",rag_lfbo,0,True,ok,0.24070172279738308,320,418.18266563117504,429.6506539909169,5,6,0,1
layer_norm_fwd,0f108d2fd87cf5004775a66db8a025e8e42cc4cb5eb313f8bc9ecd405b0315c8,"((4096, 15872), (15872,), (15872,))","('torch.float32', 'torch.float32', 'torch.float32')",rag_lfbo,1,True,ok,0.24094613741020865,278,317.56051549408585,328.8359165592119,5,12,0,1
layer_norm_fwd,0f108d2fd87cf5004775a66db8a025e8e42cc4cb5eb313f8bc9ecd405b0315c8,"((4096, 15872), (15872,), (15872,))","('torch.float32', 'torch.float32', 'torch.float32')",rag_lfbo,2,True,ok,0.2404878535768488,320,338.30791155062616,350.30707563180476,6,9,0,1
layer_norm_fwd,38ce24f2d98238066a881bfcc4c9d11219c1ed902584ec1d3c1eae997045f346,"((4096, 10240), (10240,), (10240,))","('torch.float32', 'torch.float32', 'torch.float32')",lfbo,0,True,ok,0.15792968067802302,556,628.8430592818186,631.4665865385905,11,11,0,
layer_norm_fwd,38ce24f2d98238066a881bfcc4c9d11219c1ed902584ec1d3c1eae997045f346,"((4096, 10240), (10240,), (10240,))","('torch.float32', 'torch.float32', 'torch.float32')",lfbo,1,True,ok,0.15786823246452616,480,540.4239074504003,543.3269235733896,8,8,0,
layer_norm_fwd,38ce24f2d98238066a881bfcc4c9d11219c1ed902584ec1d3c1eae997045f346,"((4096, 10240), (10240,), (10240,))","('torch.float32', 'torch.float32', 'torch.float32')",lfbo,2,True,ok,0.15765250852918097,385,416.88800852000713,419.22825384605676,8,10,0,
layer_norm_fwd,38ce24f2d98238066a881bfcc4c9d11219c1ed902584ec1d3c1eae997045f346,"((4096, 10240), (10240,), (10240,))","('torch.float32', 'torch.float32', 'torch.float32')",rag_lfbo,0,True,ok,0.15655543479727907,291,358.8990053143352,368.82845150399953,9,10,0,1
layer_norm_fwd,38ce24f2d98238066a881bfcc4c9d11219c1ed902584ec1d3c1eae997045f346,"((4096, 10240), (10240,), (10240,))","('torch.float32', 'torch.float32', 'torch.float32')",rag_lfbo,1,True,ok,0.15623640985204904,496,432.77553775161505,444.4392536394298,19,12,0,1
layer_norm_fwd,38ce24f2d98238066a881bfcc4c9d11219c1ed902584ec1d3c1eae997045f346,"((4096, 10240), (10240,), (10240,))","('torch.float32', 'torch.float32', 'torch.float32')",rag_lfbo,2,True,ok,0.15672336357899688,204,272.33570910897106,282.59886006079614,4,4,0,1
layer_norm_fwd,7a8b7137d5431ce5588c19e84ba2f85aee3afb0da51c49f7b7f8a41be8e6bcc1,"((4096, 1024), (1024,), (1024,))","('torch.float32', 'torch.float32', 'torch.float32')",lfbo,0,True,ok,0.01810952808624238,780,518.8622448388487,522.090742688626,13,4,0,
layer_norm_fwd,7a8b7137d5431ce5588c19e84ba2f85aee3afb0da51c49f7b7f8a41be8e6bcc1,"((4096, 1024), (1024,), (1024,))","('torch.float32', 'torch.float32', 'torch.float32')",lfbo,1,True,ok,0.019356203425970286,1105,543.8570804521441,547.0615558484569,20,6,0,
layer_norm_fwd,7a8b7137d5431ce5588c19e84ba2f85aee3afb0da51c49f7b7f8a41be8e6bcc1,"((4096, 1024), (1024,), (1024,))","('torch.float32', 'torch.float32', 'torch.float32')",lfbo,2,True,ok,0.017657142836129763,757,581.0539815193042,583.744350804016,19,6,0,
layer_norm_fwd,7a8b7137d5431ce5588c19e84ba2f85aee3afb0da51c49f7b7f8a41be8e6bcc1,"((4096, 1024), (1024,), (1024,))","('torch.float32', 'torch.float32', 'torch.float32')",rag_lfbo,0,True,ok,0.020060364674217738,961,615.6726316781715,627.7321784170344,20,6,0,1
layer_norm_fwd,7a8b7137d5431ce5588c19e84ba2f85aee3afb0da51c49f7b7f8a41be8e6bcc1,"((4096, 1024), (1024,), (1024,))","('torch.float32', 'torch.float32', 'torch.float32')",rag_lfbo,1,True,ok,0.020770681525096712,880,565.0656454693526,575.5624795751646,20,6,0,1
layer_norm_fwd,7a8b7137d5431ce5588c19e84ba2f85aee3afb0da51c49f7b7f8a41be8e6bcc1,"((4096, 1024), (1024,), (1024,))","('torch.float32', 'torch.float32', 'torch.float32')",rag_lfbo,2,True,ok,0.018525846187373275,1007,606.042437903583,618.1421071337536,17,7,0,1
matmul,2d591adecc64ec78354288e05913475fa762801c9a9efddc651e91f3ab3b1e5c,"((2048, 2048), (2048, 12288))","('torch.float16', 'torch.float16')",lfbo,0,True,ok,0.16398081776140785,893,441.83298753760755,445.19670009054244,13,185,0,
matmul,2d591adecc64ec78354288e05913475fa762801c9a9efddc651e91f3ab3b1e5c,"((2048, 2048), (2048, 12288))","('torch.float16', 'torch.float16')",lfbo,1,True,ok,0.16054619126123926,537,233.59975669533014,235.7584371017292,12,126,0,
matmul,2d591adecc64ec78354288e05913475fa762801c9a9efddc651e91f3ab3b1e5c,"((2048, 2048), (2048, 12288))","('torch.float16', 'torch.float16')",lfbo,2,True,ok,0.16207956398865184,1163,549.6115985652432,552.5352152474225,20,266,0,
matmul,2d591adecc64ec78354288e05913475fa762801c9a9efddc651e91f3ab3b1e5c,"((2048, 2048), (2048, 12288))","('torch.float16', 'torch.float16')",rag_lfbo,0,True,ok,0.15775708294375826,655,721.2652944503352,732.3043686524034,11,141,0,1
matmul,2d591adecc64ec78354288e05913475fa762801c9a9efddc651e91f3ab3b1e5c,"((2048, 2048), (2048, 12288))","('torch.float16', 'torch.float16')",rag_lfbo,1,True,ok,0.15919363518989055,614,451.7442808672786,463.1651673754677,10,158,0,1
matmul,2d591adecc64ec78354288e05913475fa762801c9a9efddc651e91f3ab3b1e5c,"((2048, 2048), (2048, 12288))","('torch.float16', 'torch.float16')",rag_lfbo,2,True,ok,0.15768518796246447,795,718.9863759214059,729.6305779982358,17,215,0,1
matmul,35b931856c1cf6c039ec349e70da911f2b2a0320a01b817cff978f59eb157e4f,"((12288, 1024), (1024, 1024))","('torch.float16', 'torch.float16')",lfbo,0,True,ok,0.048892901485820046,866,442.58291451074183,445.3420163029805,13,117,0,
matmul,35b931856c1cf6c039ec349e70da911f2b2a0320a01b817cff978f59eb157e4f,"((12288, 1024), (1024, 1024))","('torch.float16', 'torch.float16')",lfbo,1,True,ok,0.048648026473697266,811,423.2658965550363,426.4314316250384,13,143,0,
matmul,35b931856c1cf6c039ec349e70da911f2b2a0320a01b817cff978f59eb157e4f,"((12288, 1024), (1024, 1024))","('torch.float16', 'torch.float16')",lfbo,2,True,ok,0.04927041059026852,893,409.0709345340729,412.3196818921715,18,182,0,
matmul,35b931856c1cf6c039ec349e70da911f2b2a0320a01b817cff978f59eb157e4f,"((12288, 1024), (1024, 1024))","('torch.float16', 'torch.float16')",rag_lfbo,0,True,ok,0.0476105520363189,467,519.6589874466881,530.4291499601677,7,106,0,1
matmul,35b931856c1cf6c039ec349e70da911f2b2a0320a01b817cff978f59eb157e4f,"((12288, 1024), (1024, 1024))","('torch.float16', 'torch.float16')",rag_lfbo,1,True,ok,0.047055813152722406,798,1080.9027083115652,1094.0846439609304,20,213,0,1
matmul,35b931856c1cf6c039ec349e70da911f2b2a0320a01b817cff978f59eb157e4f,"((12288, 1024), (1024, 1024))","('torch.float16', 'torch.float16')",rag_lfbo,2,True,ok,0.048258585874179395,481,540.6460715513676,553.3598367013037,7,92,0,1
matmul,996d5d4b8f3fbbf63ce8b499ba3e94c5685d0d8b518bbb8f8f0099cbe4dfd235,"((4096, 1024), (1024, 1024))","('torch.float16', 'torch.float16')",lfbo,0,True,ok,0.018450147967326313,818,278.2910327417776,281.5085396654904,12,132,0,
matmul,996d5d4b8f3fbbf63ce8b499ba3e94c5685d0d8b518bbb8f8f0099cbe4dfd235,"((4096, 1024), (1024, 1024))","('torch.float16', 'torch.float16')",lfbo,1,True,ok,0.01879113603534822,891,882.3282296024263,889.3678909242153,14,163,0,
matmul,996d5d4b8f3fbbf63ce8b499ba3e94c5685d0d8b518bbb8f8f0099cbe4dfd235,"((4096, 1024), (1024, 1024))","('torch.float16', 'torch.float16')",lfbo,2,True,ok,0.019961518404356313,829,318.7027769861743,321.5367549518123,10,192,0,
matmul,996d5d4b8f3fbbf63ce8b499ba3e94c5685d0d8b518bbb8f8f0099cbe4dfd235,"((4096, 1024), (1024, 1024))","('torch.float16', 'torch.float16')",rag_lfbo,0,True,ok,0.018860106913139715,778,687.4424265902489,698.6753684263676,20,151,0,1
matmul,996d5d4b8f3fbbf63ce8b499ba3e94c5685d0d8b518bbb8f8f0099cbe4dfd235,"((4096, 1024), (1024, 1024))","('torch.float16', 'torch.float16')",rag_lfbo,1,True,ok,0.01963632733105125,462,332.5522481817752,342.92957922350615,7,138,0,1
matmul,996d5d4b8f3fbbf63ce8b499ba3e94c5685d0d8b518bbb8f8f0099cbe4dfd235,"((4096, 1024), (1024, 1024))","('torch.float16', 'torch.float16')",rag_lfbo,2,True,ok,0.018853822252195743,638,393.1949200332165,404.4634322207421,11,128,0,1
matmul_bf16_int4,754650cbc529f719b8fd86fbb5d040c842db189c541c0f3b4cd72a14835a6be2,"((64, 8192), (4096, 7168))","('torch.bfloat16', 'torch.int8')",lfbo,0,True,ok,0.07049640434851286,844,622.2406168514863,626.2940280288458,16,86,0,
matmul_bf16_int4,754650cbc529f719b8fd86fbb5d040c842db189c541c0f3b4cd72a14835a6be2,"((64, 8192), (4096, 7168))","('torch.bfloat16', 'torch.int8')",lfbo,1,True,ok,0.07092254848989553,1102,1049.924406837672,1053.6170250186697,15,86,0,
matmul_bf16_int4,754650cbc529f719b8fd86fbb5d040c842db189c541c0f3b4cd72a14835a6be2,"((64, 8192), (4096, 7168))","('torch.bfloat16', 'torch.int8')",lfbo,2,True,ok,0.07067156573639641,1266,1067.859817375429,1073.0386714041233,17,95,0,
matmul_bf16_int4,754650cbc529f719b8fd86fbb5d040c842db189c541c0f3b4cd72a14835a6be2,"((64, 8192), (4096, 7168))","('torch.bfloat16', 'torch.int8')",rag_lfbo,0,True,ok,0.07064987959268966,923,1015.0846316637471,1027.0680625420064,20,125,0,1
matmul_bf16_int4,754650cbc529f719b8fd86fbb5d040c842db189c541c0f3b4cd72a14835a6be2,"((64, 8192), (4096, 7168))","('torch.bfloat16', 'torch.int8')",rag_lfbo,1,True,ok,0.0684097990720538,789,1017.7144438019022,1030.6528947018087,15,96,0,1
matmul_bf16_int4,754650cbc529f719b8fd86fbb5d040c842db189c541c0f3b4cd72a14835a6be2,"((64, 8192), (4096, 7168))","('torch.bfloat16', 'torch.int8')",rag_lfbo,2,True,ok,0.07125930397676816,1090,894.1572308670729,906.6094506205991,17,99,0,1
matmul_bf16_int4,b6aa8059607e46caf768cae0509e2cba6d3a4aee3015fea8199bf3c7f68120b3,"((262144, 8192), (4096, 1280))","('torch.bfloat16', 'torch.int8')",lfbo,0,True,ok,13.93937383379255,561,1799.055526434444,1802.4438104229048,9,200,0,
matmul_bf16_int4,b6aa8059607e46caf768cae0509e2cba6d3a4aee3015fea8199bf3c7f68120b3,"((262144, 8192), (4096, 1280))","('torch.bfloat16', 'torch.int8')",lfbo,1,True,ok,14.064315523420062,946,2818.895256722346,2823.063947888091,15,225,0,
matmul_bf16_int4,b6aa8059607e46caf768cae0509e2cba6d3a4aee3015fea8199bf3c7f68120b3,"((262144, 8192), (4096, 1280))","('torch.bfloat16', 'torch.int8')",lfbo,2,True,ok,14.79863452911377,846,2662.336099111475,2666.797575186938,16,270,0,
matmul_bf16_int4,b6aa8059607e46caf768cae0509e2cba6d3a4aee3015fea8199bf3c7f68120b3,"((262144, 8192), (4096, 1280))","('torch.bfloat16', 'torch.int8')",rag_lfbo,0,True,ok,14.038294792175293,383,1207.4643201781437,1220.001587443985,8,126,0,1
matmul_bf16_int4,b6aa8059607e46caf768cae0509e2cba6d3a4aee3015fea8199bf3c7f68120b3,"((262144, 8192), (4096, 1280))","('torch.bfloat16', 'torch.int8')",rag_lfbo,1,True,ok,13.965801102774483,775,2445.2987357368693,2459.1344150733203,12,157,0,1
matmul_bf16_int4,b6aa8059607e46caf768cae0509e2cba6d3a4aee3015fea8199bf3c7f68120b3,"((262144, 8192), (4096, 1280))","('torch.bfloat16', 'torch.int8')",rag_lfbo,2,True,ok,14.019391877310616,633,2293.418304491788,2305.493848660961,14,175,0,1
matmul_bf16_int4,ef60ed5aa0eaf52a05682ed2178af3ee7cb203a16a52be51acac71c7c9841803,"((1, 8192), (4096, 1280))","('torch.bfloat16', 'torch.int8')",lfbo,0,True,ok,0.029666571005366453,637,619.6263479636982,623.1739139780402,9,42,0,
matmul_bf16_int4,ef60ed5aa0eaf52a05682ed2178af3ee7cb203a16a52be51acac71c7c9841803,"((1, 8192), (4096, 1280))","('torch.bfloat16', 'torch.int8')",lfbo,1,True,ok,0.029738958297873572,994,1480.6386664714664,1485.6770135154948,20,67,0,
matmul_bf16_int4,ef60ed5aa0eaf52a05682ed2178af3ee7cb203a16a52be51acac71c7c9841803,"((1, 8192), (4096, 1280))","('torch.bfloat16', 'torch.int8')",lfbo,2,True,ok,0.03162819277087267,923,1031.3968782788143,1035.1109961131588,16,47,0,
matmul_bf16_int4,ef60ed5aa0eaf52a05682ed2178af3ee7cb203a16a52be51acac71c7c9841803,"((1, 8192), (4096, 1280))","('torch.bfloat16', 'torch.int8')",rag_lfbo,0,True,ok,0.032764983683034495,794,765.5820743180811,777.6410206127912,12,41,0,1
matmul_bf16_int4,ef60ed5aa0eaf52a05682ed2178af3ee7cb203a16a52be51acac71c7c9841803,"((1, 8192), (4096, 1280))","('torch.bfloat16', 'torch.int8')",rag_lfbo,1,True,ok,0.030354285713165736,711,742.6860202858225,754.512847607024,14,43,0,1
matmul_bf16_int4,ef60ed5aa0eaf52a05682ed2178af3ee7cb203a16a52be51acac71c7c9841803,"((1, 8192), (4096, 1280))","('torch.bfloat16', 'torch.int8')",rag_lfbo,2,True,ok,0.03241933131716118,607,597.1698045572266,608.7110256841406,8,46,0,1
rms_norm_bwd,082e1d106aa2b40af027e7cbdcb7ed67e7c5b53fd9d073cc9b63e54ac9afecc4,"((2048, 16384), (2048, 16384), (16384,), (2048, 1))","('torch.float32', 'torch.float32', 'torch.float32', 'torch.float32')",lfbo,0,True,ok,0.20094207594100433,494,1354.6361851301044,1356.6878827149048,9,73,0,
rms_norm_bwd,082e1d106aa2b40af027e7cbdcb7ed67e7c5b53fd9d073cc9b63e54ac9afecc4,"((2048, 16384), (2048, 16384), (16384,), (2048, 1))","('torch.float32', 'torch.float32', 'torch.float32', 'torch.float32')",lfbo,1,True,ok,0.20089949979446828,520,1257.7106951847672,1259.758741196245,10,56,0,
rms_norm_bwd,082e1d106aa2b40af027e7cbdcb7ed67e7c5b53fd9d073cc9b63e54ac9afecc4,"((2048, 16384), (2048, 16384), (16384,), (2048, 1))","('torch.float32', 'torch.float32', 'torch.float32', 'torch.float32')",lfbo,2,True,ok,0.20079979921769947,560,1800.3621690580621,1802.5431250855327,15,100,0,
rms_norm_bwd,082e1d106aa2b40af027e7cbdcb7ed67e7c5b53fd9d073cc9b63e54ac9afecc4,"((2048, 16384), (2048, 16384), (16384,), (2048, 1))","('torch.float32', 'torch.float32', 'torch.float32', 'torch.float32')",rag_lfbo,0,True,ok,0.20077642653616246,602,1226.2490070909262,1238.1283252658322,12,67,0,1
rms_norm_bwd,082e1d106aa2b40af027e7cbdcb7ed67e7c5b53fd9d073cc9b63e54ac9afecc4,"((2048, 16384), (2048, 16384), (16384,), (2048, 1))","('torch.float32', 'torch.float32', 'torch.float32', 'torch.float32')",rag_lfbo,1,True,ok,0.2017370283510244,567,1462.8665708666667,1473.1265887878835,20,67,0,1
rms_norm_bwd,082e1d106aa2b40af027e7cbdcb7ed67e7c5b53fd9d073cc9b63e54ac9afecc4,"((2048, 16384), (2048, 16384), (16384,), (2048, 1))","('torch.float32', 'torch.float32', 'torch.float32', 'torch.float32')",rag_lfbo,2,True,ok,0.20068209437353754,311,1099.895099944435,1110.3706116797403,6,57,0,1
rms_norm_bwd,87f806a5c9ba53bfc6ae9c8b25326761a0d721844551342695aed1dfc76a4193,"((2048, 1024), (2048, 1024), (1024,), (2048, 1))","('torch.float32', 'torch.float32', 'torch.float32', 'torch.float32')",lfbo,0,True,ok,0.022165883309744915,713,577.95305142086,581.4364574756473,18,17,0,
rms_norm_bwd,87f806a5c9ba53bfc6ae9c8b25326761a0d721844551342695aed1dfc76a4193,"((2048, 1024), (2048, 1024), (1024,), (2048, 1))","('torch.float32', 'torch.float32', 'torch.float32', 'torch.float32')",lfbo,1,True,ok,0.022235820366411793,509,498.3939986405894,501.4274418540299,9,9,0,
rms_norm_bwd,87f806a5c9ba53bfc6ae9c8b25326761a0d721844551342695aed1dfc76a4193,"((2048, 1024), (2048, 1024), (1024,), (2048, 1))","('torch.float32', 'torch.float32', 'torch.float32', 'torch.float32')",lfbo,2,True,ok,0.022530533347485796,454,469.23367442470044,471.4053954426199,13,15,0,
rms_norm_bwd,87f806a5c9ba53bfc6ae9c8b25326761a0d721844551342695aed1dfc76a4193,"((2048, 1024), (2048, 1024), (1024,), (2048, 1))","('torch.float32', 'torch.float32', 'torch.float32', 'torch.float32')",rag_lfbo,0,True,ok,0.018963457733992762,486,470.2201357362792,480.9464595615864,8,10,0,1
rms_norm_bwd,87f806a5c9ba53bfc6ae9c8b25326761a0d721844551342695aed1dfc76a4193,"((2048, 1024), (2048, 1024), (1024,), (2048, 1))","('torch.float32', 'torch.float32', 'torch.float32', 'torch.float32')",rag_lfbo,1,True,ok,0.022710123440488377,461,508.1499509960413,519.3614948298782,10,17,0,1
rms_norm_bwd,87f806a5c9ba53bfc6ae9c8b25326761a0d721844551342695aed1dfc76a4193,"((2048, 1024), (2048, 1024), (1024,), (2048, 1))","('torch.float32', 'torch.float32', 'torch.float32', 'torch.float32')",rag_lfbo,2,True,ok,0.022706083114932284,1078,808.594755101949,821.7158531034365,20,24,0,1
rms_norm_bwd,8d7c6a9e602651ca2959f8e7f16105afb4be66da3ec215dd83fbca041ac43776,"((2048, 32768), (2048, 32768), (32768,), (2048, 1))","('torch.float32', 'torch.float32', 'torch.float32', 'torch.float32')",lfbo,0,True,ok,0.6626670876825889,667,2493.988241066225,2497.3161210529506,16,65,0,
rms_norm_bwd,8d7c6a9e602651ca2959f8e7f16105afb4be66da3ec215dd83fbca041ac43776,"((2048, 32768), (2048, 32768), (32768,), (2048, 1))","('torch.float32', 'torch.float32', 'torch.float32', 'torch.float32')",lfbo,1,True,ok,0.6642421427674181,519,2148.4499840717763,2151.6427069418132,9,64,0,
rms_norm_bwd,8d7c6a9e602651ca2959f8e7f16105afb4be66da3ec215dd83fbca041ac43776,"((2048, 32768), (2048, 32768), (32768,), (2048, 1))","('torch.float32', 'torch.float32', 'torch.float32', 'torch.float32')",lfbo,2,True,ok,0.6640657507814467,791,2733.5574925858527,2735.542670142837,20,109,0,
rms_norm_bwd,8d7c6a9e602651ca2959f8e7f16105afb4be66da3ec215dd83fbca041ac43776,"((2048, 32768), (2048, 32768), (32768,), (2048, 1))","('torch.float32', 'torch.float32', 'torch.float32', 'torch.float32')",rag_lfbo,0,True,ok,0.6786619362331205,728,2146.878649018705,2158.6435016375035,9,47,0,1
rms_norm_bwd,8d7c6a9e602651ca2959f8e7f16105afb4be66da3ec215dd83fbca041ac43776,"((2048, 32768), (2048, 32768), (32768,), (2048, 1))","('torch.float32', 'torch.float32', 'torch.float32', 'torch.float32')",rag_lfbo,1,True,ok,0.6778055691719055,594,1922.8696163343266,1935.4583374038339,10,52,0,1
rms_norm_bwd,8d7c6a9e602651ca2959f8e7f16105afb4be66da3ec215dd83fbca041ac43776,"((2048, 32768), (2048, 32768), (32768,), (2048, 1))","('torch.float32', 'torch.float32', 'torch.float32', 'torch.float32')",rag_lfbo,2,True,ok,0.6798272013664246,1187,4552.5697535974905,4563.551914812997,20,102,0,1
rms_norm_fwd,2d02bd8760bee88d60122f76a7e22434747cadeb54480835d30f945ae5daba9f,"((2048, 32768), (32768,))","('torch.float32', 'torch.float32')",lfbo,0,True,ok,0.24779468595328993,802,579.6455972585827,582.1337593300268,12,41,0,
rms_norm_fwd,2d02bd8760bee88d60122f76a7e22434747cadeb54480835d30f945ae5daba9f,"((2048, 32768), (32768,))","('torch.float32', 'torch.float32')",lfbo,1,True,ok,0.24834905877051985,540,423.02321159280837,424.89729805197567,9,15,0,
rms_norm_fwd,2d02bd8760bee88d60122f76a7e22434747cadeb54480835d30f945ae5daba9f,"((2048, 32768), (32768,))","('torch.float32', 'torch.float32')",lfbo,2,True,ok,0.24814949066436598,639,411.88462513685226,414.8487946409732,9,15,0,
rms_norm_fwd,2d02bd8760bee88d60122f76a7e22434747cadeb54480835d30f945ae5daba9f,"((2048, 32768), (32768,))","('torch.float32', 'torch.float32')",rag_lfbo,0,True,ok,0.2482601484766713,387,413.61847869027406,423.1746417339891,8,13,0,1
rms_norm_fwd,2d02bd8760bee88d60122f76a7e22434747cadeb54480835d30f945ae5daba9f,"((2048, 32768), (32768,))","('torch.float32', 'torch.float32')",rag_lfbo,1,True,ok,0.24870706995694838,247,348.22655699495226,357.7984975297004,5,13,0,1
rms_norm_fwd,2d02bd8760bee88d60122f76a7e22434747cadeb54480835d30f945ae5daba9f,"((2048, 32768), (32768,))","('torch.float32', 'torch.float32')",rag_lfbo,2,True,ok,0.24826877665170383,478,417.2273811176419,429.0670912032947,9,21,0,1
rms_norm_fwd,c0e69ae721f626a9ad2fa1f7fe61f2a6e78e7f22cabe027d1d77d408d9f04c74,"((2048, 8192), (8192,))","('torch.float32', 'torch.float32')",lfbo,0,True,ok,0.06456925371077968,820,531.1099366107956,534.2975720688701,20,15,0,
rms_norm_fwd,c0e69ae721f626a9ad2fa1f7fe61f2a6e78e7f22cabe027d1d77d408d9f04c74,"((2048, 8192), (8192,))","('torch.float32', 'torch.float32')",lfbo,1,True,ok,0.0652522073575744,1248,678.9718072414398,681.9916204698384,20,10,0,
rms_norm_fwd,c0e69ae721f626a9ad2fa1f7fe61f2a6e78e7f22cabe027d1d77d408d9f04c74,"((2048, 8192), (8192,))","('torch.float32', 'torch.float32')",lfbo,2,True,ok,0.06421722641663395,1295,720.2136476943269,724.2540269987658,20,13,0,
rms_norm_fwd,c0e69ae721f626a9ad2fa1f7fe61f2a6e78e7f22cabe027d1d77d408d9f04c74,"((2048, 8192), (8192,))","('torch.float32', 'torch.float32')",rag_lfbo,0,True,ok,0.06446120435143492,1554,779.7931497925892,792.1263985065743,20,10,0,1
rms_norm_fwd,c0e69ae721f626a9ad2fa1f7fe61f2a6e78e7f22cabe027d1d77d408d9f04c74,"((2048, 8192), (8192,))","('torch.float32', 'torch.float32')",rag_lfbo,1,True,ok,0.06462304167003251,1004,541.4166235923767,554.0467972122133,20,7,0,1
rms_norm_fwd,c0e69ae721f626a9ad2fa1f7fe61f2a6e78e7f22cabe027d1d77d408d9f04c74,"((2048, 8192), (8192,))","('torch.float32', 'torch.float32')",rag_lfbo,2,True,ok,0.06532278379950768,941,605.2910872288048,617.3348264079541,20,11,0,1
rms_norm_fwd,c2b7fea7919a361cfe986cea36afbbccc780fafea42c89b5f4bdf6459e27d1fa,"((2048, 1024), (1024,))","('torch.float32', 'torch.float32')",lfbo,0,True,ok,0.01206391611957964,1337,573.1051898915321,576.3670146493241,20,4,0,
rms_norm_fwd,c2b7fea7919a361cfe986cea36afbbccc780fafea42c89b5f4bdf6459e27d1fa,"((2048, 1024), (1024,))","('torch.float32', 'torch.float32')",lfbo,1,True,ok,0.01171520822094921,822,444.6248706905171,447.6534077869728,17,6,0,
rms_norm_fwd,c2b7fea7919a361cfe986cea36afbbccc780fafea42c89b5f4bdf6459e27d1fa,"((2048, 1024), (1024,))","('torch.float32', 'torch.float32')",lfbo,2,True,ok,0.008172511270171717,679,414.62684040889144,417.0883883535862,16,4,0,
rms_norm_fwd,c2b7fea7919a361cfe986cea36afbbccc780fafea42c89b5f4bdf6459e27d1fa,"((2048, 1024), (1024,))","('torch.float32', 'torch.float32')",rag_lfbo,0,True,ok,0.011930200788574936,839,402.81675720680505,414.2382168965414,20,4,0,1
rms_norm_fwd,c2b7fea7919a361cfe986cea36afbbccc780fafea42c89b5f4bdf6459e27d1fa,"((2048, 1024), (1024,))","('torch.float32', 'torch.float32')",rag_lfbo,1,True,ok,0.011271065478816877,779,445.98081462457776,456.8423383384943,16,2,0,1
rms_norm_fwd,c2b7fea7919a361cfe986cea36afbbccc780fafea42c89b5f4bdf6459e27d1fa,"((2048, 1024), (1024,))","('torch.float32', 'torch.float32')",rag_lfbo,2,True,ok,0.007839183662827981,863,446.1498220935464,457.372954307124,16,2,0,1
rope_fwd,11e35021fde1613b2ef7354389493c17e349ff1e95cbff391057b75d61ab7077,"((1, 32, 2048, 16), (1, 8, 2048, 16), (1, 2048, 16), (1, 2048, 16))","('torch.float32', 'torch.float32', 'torch.float32', 'torch.float32')",lfbo,0,True,ok,0.007657947575675787,405,741.4160288637504,743.5533946203068,11,6,0,
rope_fwd,11e35021fde1613b2ef7354389493c17e349ff1e95cbff391057b75d61ab7077,"((1, 32, 2048, 16), (1, 8, 2048, 16), (1, 2048, 16), (1, 2048, 16))","('torch.float32', 'torch.float32', 'torch.float32', 'torch.float32')",lfbo,1,True,ok,0.008962442744144122,495,831.2272700136527,833.5491800848395,9,6,0,
rope_fwd,11e35021fde1613b2ef7354389493c17e349ff1e95cbff391057b75d61ab7077,"((1, 32, 2048, 16), (1, 8, 2048, 16), (1, 2048, 16), (1, 2048, 16))","('torch.float32', 'torch.float32', 'torch.float32', 'torch.float32')",lfbo,2,True,ok,0.007100189475535812,623,687.3653069501743,689.9562609214336,17,3,0,
rope_fwd,11e35021fde1613b2ef7354389493c17e349ff1e95cbff391057b75d61ab7077,"((1, 32, 2048, 16), (1, 8, 2048, 16), (1, 2048, 16), (1, 2048, 16))","('torch.float32', 'torch.float32', 'torch.float32', 'torch.float32')",rag_lfbo,0,True,ok,0.010361783553735685,544,835.2241222681478,847.700429703109,8,5,0,1
rope_fwd,11e35021fde1613b2ef7354389493c17e349ff1e95cbff391057b75d61ab7077,"((1, 32, 2048, 16), (1, 8, 2048, 16), (1, 2048, 16), (1, 2048, 16))","('torch.float32', 'torch.float32', 'torch.float32', 'torch.float32')",rag_lfbo,1,True,ok,0.010473842890102282,524,775.8303577210754,786.2378043578938,12,2,0,1
rope_fwd,11e35021fde1613b2ef7354389493c17e349ff1e95cbff391057b75d61ab7077,"((1, 32, 2048, 16), (1, 8, 2048, 16), (1, 2048, 16), (1, 2048, 16))","('torch.float32', 'torch.float32', 'torch.float32', 'torch.float32')",rag_lfbo,2,True,ok,0.007091784035753468,319,733.3112044818699,744.4495959552005,12,3,0,1
rope_fwd,cac4e0a0160a887c9341687a90d0c23d54472287c22f7bb74de41657ae7f51e6,"((1, 32, 4096, 256), (1, 8, 4096, 256), (1, 4096, 256), (1, 4096, 256))","('torch.float32', 'torch.float32', 'torch.float32', 'torch.float32')",lfbo,0,False,timeout,,,,,,,,
rope_fwd,cac4e0a0160a887c9341687a90d0c23d54472287c22f7bb74de41657ae7f51e6,"((1, 32, 4096, 256), (1, 8, 4096, 256), (1, 4096, 256), (1, 4096, 256))","('torch.float32', 'torch.float32', 'torch.float32', 'torch.float32')",lfbo,1,False,timeout,,,,,,,,
rope_fwd,cac4e0a0160a887c9341687a90d0c23d54472287c22f7bb74de41657ae7f51e6,"((1, 32, 4096, 256), (1, 8, 4096, 256), (1, 4096, 256), (1, 4096, 256))","('torch.float32', 'torch.float32', 'torch.float32', 'torch.float32')",lfbo,2,False,timeout,,,,,,,,
rope_fwd,cac4e0a0160a887c9341687a90d0c23d54472287c22f7bb74de41657ae7f51e6,"((1, 32, 4096, 256), (1, 8, 4096, 256), (1, 4096, 256), (1, 4096, 256))","('torch.float32', 'torch.float32', 'torch.float32', 'torch.float32')",rag_lfbo,0,True,ok,0.1601672314402074,487,3329.3368313265964,3340.921721894294,14,29,0,1
rope_fwd,cac4e0a0160a887c9341687a90d0c23d54472287c22f7bb74de41657ae7f51e6,"((1, 32, 4096, 256), (1, 8, 4096, 256), (1, 4096, 256), (1, 4096, 256))","('torch.float32', 'torch.float32', 'torch.float32', 'torch.float32')",rag_lfbo,1,True,ok,0.1603619279623692,564,4306.684654745273,4315.185523150489,15,42,0,1
rope_fwd,cac4e0a0160a887c9341687a90d0c23d54472287c22f7bb74de41657ae7f51e6,"((1, 32, 4096, 256), (1, 8, 4096, 256), (1, 4096, 256), (1, 4096, 256))","('torch.float32', 'torch.float32', 'torch.float32', 'torch.float32')",rag_lfbo,2,True,ok,0.15996275523470507,525,3533.292254002765,3543.151230974123,12,15,0,1
rope_fwd,f3de2bcd809dc2a573f641539c331e440b867b1ad6a433bdd7a282fcb4b6d1d9,"((1, 32, 16384, 256), (1, 8, 16384, 256), (1, 16384, 256), (1, 16384, 256))","('torch.float32', 'torch.float32', 'torch.float32', 'torch.float32')",lfbo,0,True,ok,0.6263843635867413,281,2834.4126154342666,2836.8444144567475,10,15,0,
rope_fwd,f3de2bcd809dc2a573f641539c331e440b867b1ad6a433bdd7a282fcb4b6d1d9,"((1, 32, 16384, 256), (1, 8, 16384, 256), (1, 16384, 256), (1, 16384, 256))","('torch.float32', 'torch.float32', 'torch.float32', 'torch.float32')",lfbo,1,True,ok,0.6309890900597428,331,4115.6579721542075,4118.04278089758,12,29,0,
rope_fwd,f3de2bcd809dc2a573f641539c331e440b867b1ad6a433bdd7a282fcb4b6d1d9,"((1, 32, 16384, 256), (1, 8, 16384, 256), (1, 16384, 256), (1, 16384, 256))","('torch.float32', 'torch.float32', 'torch.float32', 'torch.float32')",lfbo,2,True,ok,0.6271526002346125,452,4731.54118046537,4732.311689843424,14,36,0,
rope_fwd,f3de2bcd809dc2a573f641539c331e440b867b1ad6a433bdd7a282fcb4b6d1d9,"((1, 32, 16384, 256), (1, 8, 16384, 256), (1, 16384, 256), (1, 16384, 256))","('torch.float32', 'torch.float32', 'torch.float32', 'torch.float32')",rag_lfbo,0,True,ok,0.6255133138663733,368,4843.8892952995375,4853.555209430866,20,39,0,1
rope_fwd,f3de2bcd809dc2a573f641539c331e440b867b1ad6a433bdd7a282fcb4b6d1d9,"((1, 32, 16384, 256), (1, 8, 16384, 256), (1, 16384, 256), (1, 16384, 256))","('torch.float32', 'torch.float32', 'torch.float32', 'torch.float32')",rag_lfbo,1,True,ok,0.629335339804341,213,1433.7052216371521,1443.939074699767,5,4,0,1
rope_fwd,f3de2bcd809dc2a573f641539c331e440b867b1ad6a433bdd7a282fcb4b6d1d9,"((1, 32, 16384, 256), (1, 8, 16384, 256), (1, 16384, 256), (1, 16384, 256))","('torch.float32', 'torch.float32', 'torch.float32', 'torch.float32')",rag_lfbo,2,True,ok,0.6258172652775184,352,2547.2591707771644,2557.56505317986,8,12,0,1
softmax_two_pass,12d8864644f8e293100b07fdae27413fd58326f2502958970c90d36c1d00fca8,"((4096, 8704),)","('torch.float16',)",lfbo,0,True,ok,0.06915774683702194,435,530.0586052043363,532.8834378821775,13,8,0,
softmax_two_pass,12d8864644f8e293100b07fdae27413fd58326f2502958970c90d36c1d00fca8,"((4096, 8704),)","('torch.float16',)",lfbo,1,True,ok,0.07127329217126736,917,654.119646364823,657.592063411139,20,9,0,
softmax_two_pass,12d8864644f8e293100b07fdae27413fd58326f2502958970c90d36c1d00fca8,"((4096, 8704),)","('torch.float16',)",lfbo,2,True,ok,0.07132015442008217,718,689.6111737564206,692.37079123687,12,3,0,
softmax_two_pass,12d8864644f8e293100b07fdae27413fd58326f2502958970c90d36c1d00fca8,"((4096, 8704),)","('torch.float16',)",rag_lfbo,0,True,ok,0.07104538471890141,545,601.5239692833275,613.6233082292601,20,5,0,1
softmax_two_pass,12d8864644f8e293100b07fdae27413fd58326f2502958970c90d36c1d00fca8,"((4096, 8704),)","('torch.float16',)",rag_lfbo,1,True,ok,0.07094734602611327,967,756.6314239799976,768.5983840925619,20,5,0,1
softmax_two_pass,12d8864644f8e293100b07fdae27413fd58326f2502958970c90d36c1d00fca8,"((4096, 8704),)","('torch.float16',)",rag_lfbo,2,True,ok,0.07122081860497191,479,455.6662733377889,467.05605013668537,20,6,0,1
softmax_two_pass,bed547b1278bd755b89803d64cf426cca8acb2726fb67f0b93e54450659dd070,"((4096, 12672),)","('torch.float16',)",lfbo,0,True,ok,0.09950110675008209,924,634.4656845796853,637.2111190194264,13,7,0,
softmax_two_pass,bed547b1278bd755b89803d64cf426cca8acb2726fb67f0b93e54450659dd070,"((4096, 12672),)","('torch.float16',)",lfbo,1,True,ok,0.10131930213179897,1139,692.5150856235996,696.488296112977,20,2,0,
softmax_two_pass,bed547b1278bd755b89803d64cf426cca8acb2726fb67f0b93e54450659dd070,"((4096, 12672),)","('torch.float16',)",lfbo,2,True,ok,0.1012010242600841,665,571.7013759771362,574.2081249682233,15,3,0,
softmax_two_pass,bed547b1278bd755b89803d64cf426cca8acb2726fb67f0b93e54450659dd070,"((4096, 12672),)","('torch.float16',)",rag_lfbo,0,True,ok,0.1014494239792719,673,742.5815462395549,753.8749710032716,20,3,0,1
softmax_two_pass,bed547b1278bd755b89803d64cf426cca8acb2726fb67f0b93e54450659dd070,"((4096, 12672),)","('torch.float16',)",rag_lfbo,1,True,ok,0.09943124404647848,436,540.935523847118,552.8462564656511,10,4,0,1
softmax_two_pass,bed547b1278bd755b89803d64cf426cca8acb2726fb67f0b93e54450659dd070,"((4096, 12672),)","('torch.float16',)",rag_lfbo,2,True,ok,0.09939367327360286,574,710.5112423785031,721.3862277204171,20,11,0,1
softmax_two_pass,d20f62af1c354597e269c102812eec7f6da0013e662a64f1acc8287e48c2d107,"((4096, 256),)","('torch.float16',)",lfbo,0,True,ok,0.005828332914884046,805,415.28224354516715,418.37789447791874,20,0,0,
softmax_two_pass,d20f62af1c354597e269c102812eec7f6da0013e662a64f1acc8287e48c2d107,"((4096, 256),)","('torch.float16',)",lfbo,1,True,ok,0.005426472211797689,666,271.754873377271,273.89121839031577,10,0,0,
softmax_two_pass,d20f62af1c354597e269c102812eec7f6da0013e662a64f1acc8287e48c2d107,"((4096, 256),)","('torch.float16',)",lfbo,2,True,ok,0.006886408002219525,561,285.28504303935915,288.0333474939689,9,2,0,
softmax_two_pass,d20f62af1c354597e269c102812eec7f6da0013e662a64f1acc8287e48c2d107,"((4096, 256),)","('torch.float16',)",rag_lfbo,0,True,ok,0.0057794851617481895,765,387.8861245056614,398.0527683356777,15,0,0,1
softmax_two_pass,d20f62af1c354597e269c102812eec7f6da0013e662a64f1acc8287e48c2d107,"((4096, 256),)","('torch.float16',)",rag_lfbo,1,True,ok,0.005548831673066989,700,478.1231234520674,488.0241518924013,18,2,0,1
softmax_two_pass,d20f62af1c354597e269c102812eec7f6da0013e662a64f1acc8287e48c2d107,"((4096, 256),)","('torch.float16',)",rag_lfbo,2,True,ok,0.005450369642835252,788,409.4586396301165,421.28373248595744,13,1,0,1
welford,4634ca883cf85f365a0b73fa1b88c0d51170550cc1c8db7841b3ca0cab13ed3b,"((1024,), (1024,), (262144, 1024))","('torch.bfloat16', 'torch.bfloat16', 'torch.bfloat16')",lfbo,0,True,ok,0.488224389712985,819,511.8764085434377,514.4258184907958,12,5,47,
welford,4634ca883cf85f365a0b73fa1b88c0d51170550cc1c8db7841b3ca0cab13ed3b,"((1024,), (1024,), (262144, 1024))","('torch.bfloat16', 'torch.bfloat16', 'torch.bfloat16')",lfbo,1,True,ok,0.4878869202970727,824,588.7796599948779,592.1725921556354,11,9,66,
welford,4634ca883cf85f365a0b73fa1b88c0d51170550cc1c8db7841b3ca0cab13ed3b,"((1024,), (1024,), (262144, 1024))","('torch.bfloat16', 'torch.bfloat16', 'torch.bfloat16')",lfbo,2,True,ok,0.4884707724755527,814,708.6866026977077,712.0363043332472,10,8,46,
welford,4634ca883cf85f365a0b73fa1b88c0d51170550cc1c8db7841b3ca0cab13ed3b,"((1024,), (1024,), (262144, 1024))","('torch.bfloat16', 'torch.bfloat16', 'torch.bfloat16')",rag_lfbo,0,True,ok,0.49005310429385834,863,465.87133864779025,478.3996880594641,10,11,52,1
welford,4634ca883cf85f365a0b73fa1b88c0d51170550cc1c8db7841b3ca0cab13ed3b,"((1024,), (1024,), (262144, 1024))","('torch.bfloat16', 'torch.bfloat16', 'torch.bfloat16')",rag_lfbo,1,True,ok,0.4900542443118444,1195,1169.1176061034203,1180.5293482588604,20,16,78,1
welford,4634ca883cf85f365a0b73fa1b88c0d51170550cc1c8db7841b3ca0cab13ed3b,"((1024,), (1024,), (262144, 1024))","('torch.bfloat16', 'torch.bfloat16', 'torch.bfloat16')",rag_lfbo,2,True,ok,0.48983970613567374,881,580.4516112376004,590.8471240671352,11,10,38,1
welford,c7ab7d4d2da588761e5e43f1b1af0cd5b12d34778c7c4651372a12d22a98552d,"((4096,), (4096,), (262144, 4096))","('torch.bfloat16', 'torch.bfloat16', 'torch.bfloat16')",lfbo,0,True,ok,2.039451143015986,1316,997.5392632251605,1001.4752610279247,18,20,49,
welford,c7ab7d4d2da588761e5e43f1b1af0cd5b12d34778c7c4651372a12d22a98552d,"((4096,), (4096,), (262144, 4096))","('torch.bfloat16', 'torch.bfloat16', 'torch.bfloat16')",lfbo,1,True,ok,2.036236524581909,966,907.3399976994842,912.9647048488259,12,31,41,
welford,c7ab7d4d2da588761e5e43f1b1af0cd5b12d34778c7c4651372a12d22a98552d,"((4096,), (4096,), (262144, 4096))","('torch.bfloat16', 'torch.bfloat16', 'torch.bfloat16')",lfbo,2,True,ok,2.0275178940399834,1210,988.3913469202816,991.8633574098349,17,51,57,
welford,c7ab7d4d2da588761e5e43f1b1af0cd5b12d34778c7c4651372a12d22a98552d,"((4096,), (4096,), (262144, 4096))","('torch.bfloat16', 'torch.bfloat16', 'torch.bfloat16')",rag_lfbo,0,True,ok,2.0253634711970454,884,674.896916186437,687.266868849285,17,25,56,1
welford,c7ab7d4d2da588761e5e43f1b1af0cd5b12d34778c7c4651372a12d22a98552d,"((4096,), (4096,), (262144, 4096))","('torch.bfloat16', 'torch.bfloat16', 'torch.bfloat16')",rag_lfbo,1,True,ok,2.028982260952825,897,908.5773465400562,920.592142819427,17,76,50,1
welford,c7ab7d4d2da588761e5e43f1b1af0cd5b12d34778c7c4651372a12d22a98552d,"((4096,), (4096,), (262144, 4096))","('torch.bfloat16', 'torch.bfloat16', 'torch.bfloat16')",rag_lfbo,2,True,ok,2.025528342827507,819,537.7029021177441,550.6749295834452,15,6,75,1
welford,d39b50b35d1be3995401647d8af372893565b274da80fb835341bf75764ffea1,"((8192,), (8192,), (262144, 8192))","('torch.bfloat16', 'torch.bfloat16', 'torch.bfloat16')",lfbo,0,True,ok,4.07282366959945,952,757.11113508977,761.7130286926404,12,0,40,
welford,d39b50b35d1be3995401647d8af372893565b274da80fb835341bf75764ffea1,"((8192,), (8192,), (262144, 8192))","('torch.bfloat16', 'torch.bfloat16', 'torch.bfloat16')",lfbo,1,True,ok,4.072122470192287,1175,1246.4729622323066,1250.574622510001,14,0,82,
welford,d39b50b35d1be3995401647d8af372893565b274da80fb835341bf75764ffea1,"((8192,), (8192,), (262144, 8192))","('torch.bfloat16', 'torch.bfloat16', 'torch.bfloat16')",lfbo,2,True,ok,4.07205985940021,1169,1085.320652069524,1089.4114188579842,14,3,70,
welford,d39b50b35d1be3995401647d8af372893565b274da80fb835341bf75764ffea1,"((8192,), (8192,), (262144, 8192))","('torch.bfloat16', 'torch.bfloat16', 'torch.bfloat16')",rag_lfbo,0,True,ok,4.073900513027025,795,1091.14786479529,1103.6127337347716,16,0,60,1
welford,d39b50b35d1be3995401647d8af372893565b274da80fb835341bf75764ffea1,"((8192,), (8192,), (262144, 8192))","('torch.bfloat16', 'torch.bfloat16', 'torch.bfloat16')",rag_lfbo,1,True,ok,4.074451487997304,666,1001.0673821819946,1012.0946030979976,14,0,39,1
welford,d39b50b35d1be3995401647d8af372893565b274da80fb835341bf75764ffea1,"((8192,), (8192,), (262144, 8192))","('torch.bfloat16', 'torch.bfloat16', 'torch.bfloat16')",rag_lfbo,2,True,ok,4.074529399042544,654,987.0440977821127,998.6947981864214,14,1,62,1
